,phrase,label,sentiment,subjectivity,language,count
Ukraine,,,,,,
Russland,,,,,,
Deutschland,,,,,,
Washington,,,,,,
Br\u00fcssel,,,,,,
Kiew,,,,,,
Berlin,,,,,,
USA,,,,,,
Russlands,,,,,,
Europa,,,,,,
Cherson,,,,,,
Moskau,,,,,,
China,,,,,,
Audioinhalten,,,,,,
"Podcasts
",,,,,,
Deutschlands,,,,,,
Polen,,,,,,
Kreml,,,,,,
Frankreich,,,,,,
Großbritannien,,,,,,
Staaten,,,,,,
Krim,,,,,,
Gaspreisbremse,,,,,,
Ägypten,,,,,,
Iran,,,,,,
Bund,,,,,,
München,,,,,,
Stadt,,,,,,
Klimaaktivisten,,,,,,
Brüssel,,,,,,
Türkei,,,,,,
Europas,,,,,,
Ostsee,,,,,,
Russland.,,,,,,
Ukraine-Krieg,,,,,,
Bayern,,,,,,
Kiews,,,,,,
Norwegen,,,,,,
London,,,,,,
Landes,,,,,,
Selenskyj,,,,,,
Griechenland,,,,,,
Paris,,,,,,
Bali,,,,,,
Schweden,,,,,,
Düsseldorf,,,,,,
den USA,,,,,,
Ukraine-Kriegs,,,,,,
Odessa,,,,,,
Chinas,,,,,,
US-Präsident,,,,,,
Finanzminister,,,,,,
Deutschland.,,,,,,
Donbass,,,,,,
Katar,,,,,,
Frankreichs,,,,,,
Ungarn,,,,,,
Belarus,,,,,,
Saporischschja,,,,,,
Donezk,,,,,,
Moskaus,,,,,,
Raketeneinschlag,,,,,,
Österreich,,,,,,
Nordsee,,,,,,
Kosovo,,,,,,
…,,,,,,
Moldau,,,,,,
Hamburg,,,,,,
Drohnenangriffen,,,,,,
Strompreisbremse,,,,,,
Japan,,,,,,
Wien,,,,,,
Sachsens,,,,,,
Spanien,,,,,,
Italien,,,,,,
Ostukraine,,,,,,
Dresden,,,,,,
Privacy Center,,,,,,
EU-Gipfel,,,,,,
Dnipro,,,,,,
Schweiz,,,,,,
Isar,,,,,,
Ukraine:,,,,,,
Getreideabkommens,,,,,,
Athen,,,,,,
US-Regierung,,,,,,
Union,,,,,,
Russen,,,,,,
Brandenburg,,,,,,
Moskau.,,,,,,
Tschechien,,,,,,
Nord-Stream-Pipelines,,,,,,
Münchner Flughafen,,,,,,
Emsland,,,,,,
Erde,,,,,,
Kiew.,,,,,,
Scholz,,,,,,
Dänemark,,,,,,
Bayerns,,,,,,
Neckarwestheim 2,,,,,,
Lustenau,,,,,,
Armenien,,,,,,
russische Regierung,,,,,,
Bukarest,,,,,,
Niedersachsen,,,,,,
Großbritanniens,,,,,,
Putin,,,,,,
Corona,,,,,,
Kasachstan,,,,,,
Essen,,,,,,
Warschau,,,,,,
Lecks,,,,,,
Polens,,,,,,
Sachsen-Anhalt,,,,,,
Brüssel.,,,,,,
Gasspeicherverband,,,,,,
Prag,,,,,,
Straße,,,,,,
Bremen,,,,,,
NRW,,,,,,
Kabul,,,,,,
Landtag,,,,,,
Lengerich,,,,,,
Wärmestuben,,,,,,
San Francisco,,,,,,
Madrid,,,,,,
Landkreis Ebersberg,,,,,,
Qualitätsartikel,,,,,,
Statistische Bundesamt,,,,,,
Winter.,,,,,,
Energie-Infrastruktur,,,,,,
Charkiw,,,,,,
Region Donezk,,,,,,
Australien,,,,,,
Luxemburg,,,,,,
Bundesrepublik,,,,,,
Luhansk,,,,,,
Thüringens,,,,,,
Estland,,,,,,
Leipzig,,,,,,
Ostdeutschland,,,,,,
Slowakei,,,,,,
Bundesanwaltschaft,,,,,,
Finnlands,,,,,,
Israel,,,,,,
Teheran,,,,,,
Gebiet,,,,,,
Briten,,,,,,
Energiepreisbremsen,,,,,,
Indien,,,,,,
Argentinien,,,,,,
Venezuela,,,,,,
München.,,,,,,
Odessa.,,,,,,
Deutschland?,,,,,,
Sachsen,,,,,,
russisch-besetzten,,,,,,
Belgien,,,,,,
Peking,,,,,,
Melitopol,,,,,,
Landkreis München,,,,,,
Ukraine-Update am Morgen,,,,,,
Zentralasien,,,,,,
Mecklenburg-Vorpommern,,,,,,
Bamberg,,,,,,
Cherson.,,,,,,
Knappes,,,,,,
Ostseeküste,,,,,,
Asien,,,,,,
Libanon,,,,,,
Millionen,,,,,,
Energiepreispauschale,,,,,,
Glühwein-Genuss,,,,,,
Ukraine-Update am Abend,,,,,,
Rehden,,,,,,
Mark,,,,,,
Brüsseler,,,,,,
Wärme,,,,,,
Mainz,,,,,,
Münsterland,,,,,,
Kabul.,,,,,,
Lindow,,,,,,
Chinesen,,,,,,
Landgericht Neuruppin,,,,,,
Nord-Stream-Lecks,,,,,,
Landkreis Prignitz,,,,,,
Krise,,,,,,
Nordrhein-Westfalen,,,,,,
Bachmut,,,,,,
Balkan.,,,,,,
Zentrum der Stadt,,,,,,
Saudi-Arabien,,,,,,
Taiwan,,,,,,
Ukraine-Krieges,,,,,,
Potsdam,,,,,,
Serbiens,,,,,,
Bornholm,,,,,,
Litauens,,,,,,
Atomkraftwerk Saporischschja,,,,,,
Litauen.,,,,,,
Österreichs,,,,,,
Bulgarien,,,,,,
Teuerungswelle,,,,,,
Tankstelle,,,,,,
Lützerath,,,,,,
Wismar,,,,,,
Hamburg.,,,,,,
Irkutsk,,,,,,
Schwarze Meer,,,,,,
Alten Synagoge,,,,,,
Lambrecht,,,,,,
Lingen,,,,,,
Büttelborn,,,,,,
Berlins,,,,,,
Statistischen Bundesamts,,,,,,
Detmold,,,,,,
Köln,,,,,,
Corona-Krise,,,,,,
Neuruppin,,,,,,
Gasbedarfs,,,,,,
Atomkraftwerks Emsland,,,,,,
Fracking-Gas,,,,,,
Frankfurt,,,,,,
Weltnaturkonferenz,,,,,,
Innenstadt,,,,,,
Südukraine,,,,,,
Ukraine-News am Freitag:,,,,,,
Stadtzürcher,,,,,,
Spaniens,,,,,,
Dortmund,,,,,,
münsterländischen Lengerich,,,,,,
Schlieren,,,,,,
Shanghai,,,,,,
ungarische Regierung,,,,,,
Gaseinkauf,,,,,,
Kärnten,,,,,,
Schwarzen Meer,,,,,,
Kyiv,,,,,,
ukrainische Regierung,,,,,,
Russische Verteidigungsanlage,,,,,,
Montreal,,,,,,
Stuttgart,,,,,,
Darf,,,,,,
Dachau,,,,,,
Ampel-Fraktionen,,,,,,
Nordrhein-Westfalens,,,,,,
Hessen,,,,,,
Franzosen,,,,,,
Selenskyj-Berater,,,,,,
Äthiopien,,,,,,
Land,,,,,,
Bundes,,,,,,
Slowjansk,,,,,,
Gas-Lieferungen,,,,,,
Bundesfinanzministerium,,,,,,
Krefelder Innenstadt,,,,,,
Afrika,,,,,,
Ukraine?,,,,,,
Sewastopol,,,,,,
Støre,,,,,,
Donnerstag:,,,,,,
Erdogan,,,,,,
Verbraucherpreise,,,,,,
VAE,,,,,,
Ukrainekrieg,,,,,,
Portugal,,,,,,
Ostdeutsche,,,,,,
Oberhausen,,,,,,
Hannover,,,,,,
Civaux,,,,,,
Lwiw,,,,,,
Serben,,,,,,
Stockelsdorf,,,,,,
Leuna,,,,,,
Stockholm,,,,,,
Jemen,,,,,,
Schwedens,,,,,,
Ölpipeline,,,,,,
Vilnius,,,,,,
Klimaabgabe,,,,,,
Leyen,,,,,,
Halle,,,,,,
Mittelmeer,,,,,,
Kasachstan.,,,,,,
Thüringen,,,,,,
Russe,,,,,,
Litauen,,,,,,
Klima-News der Woche.,,,,,,
Feldheim,,,,,,
Live-Ticker:,,,,,,
Klima-Aktivisten,,,,,,
Länderkammer,,,,,,
Stromausfällen,,,,,,
britische Regierung,,,,,,
Gaspreisbremse.,,,,,,
Donnerstagabend.,,,,,,
Saporischschja.,,,,,,
Donnerstagmorgen,,,,,,
Pyrenäen,,,,,,
Arbeitsplatz,,,,,,
EU-Kommissionschefin,,,,,,
Polen.,,,,,,
Cherson +++,,,,,,
Mykolajiw,,,,,,
Ukrainischer,,,,,,
Finnland,,,,,,
Indonesien,,,,,,
Kartellamt,,,,,,
Energie-Krise,,,,,,
Leipzig.,,,,,,
Vorachstraße,,,,,,
Frankfurt/Main,,,,,,
Serbien,,,,,,
Niederlande,,,,,,
Krisenwinter,,,,,,
Indonesiens,,,,,,
Magdeburg,,,,,,
Przewodów,,,,,,
Moskauer,,,,,,
Klima-Hölle,,,,,,
Steiermark,,,,,,
AKW-Laufzeiten,,,,,,
Großen Stern,,,,,,
Kalte,,,,,,
Landkreis,,,,,,
Klebe-Attacke,,,,,,
Esten,,,,,,
Neuköllner,,,,,,
Black Friday-Schnäppchen,,,,,,
Bautzen,,,,,,
Altschewsk,,,,,,
Schwaz,,,,,,
Qatar.,,,,,,
Sumy,,,,,,
Energieeffizienz,,,,,,
nächtelangen,,,,,,
Gifhorn,,,,,,
Balkanroute,,,,,,
U-Bahnhöfe.,,,,,,
Gemeinden,,,,,,
Atomkraftwerkes Biblis,,,,,,
Kreis Groß-Gerau,,,,,,
Deutschen Schauspielhaus,,,,,,
Donbass.,,,,,,
Dampierre,,,,,,
Weßling,,,,,,
Zorneding,,,,,,
Münchner Friedensengel,,,,,,
Sachsen-Anhalts,,,,,,
Weizenspende,,,,,,
M23,,,,,,
Schlafzimmer.,,,,,,
Kongo,,,,,,
Ukraine-News am Donnerstag:,,,,,,
Zentralafrikanischen Republik,,,,,,
Burgenland,,,,,,
AB,,,,,,
Klima-Kleber,,,,,,
Vize-Außenminister,,,,,,
Ex-Sowjetrepublik Moldau,,,,,,
Fast-Food-Restaurants,,,,,,
Al-Wakra,,,,,,
Republik Moldau,,,,,,
Ukraine-News am Dienstag:,,,,,,
Aserbaidschan,,,,,,
Alb-Donau-Kreis,,,,,,
Flusses Dnipro,,,,,,
Bangkok,,,,,,
Staat Bürgerinnen und Bürger,,,,,,
Minustemperaturen,,,,,,
Westdeutschland,,,,,,
Brasiliens,,,,,,
Slowenien,,,,,,
Hacker-Attacke,,,,,,
Vatikan,,,,,,
Hellersdorf.,,,,,,
Dax,,,,,,
Misk,,,,,,
Ungarns,,,,,,
Frankfurter Flughafen,,,,,,
FTX,,,,,,
Ukraine: Warum,,,,,,
Richtwertmieten,,,,,,
Kiew mel…,,,,,,
Tempo,,,,,,
Familienministerinnen Sprechpuppen,,,,,,
Wirtschaftslobby?,,,,,,
Alten Pinakothek,,,,,,
Bremerhaven,,,,,,
Rom,,,,,,
Mann,,,,,,
Energiepreisbremse,,,,,,
Deutsche Wetterdienst,,,,,,
Salzburg,,,,,,
London: Russland,,,,,,
Scharm,,,,,,
Vereinigten Staaten,,,,,,
Klima-Protest,,,,,,
Schottland,,,,,,
Treibhausgasausstoßes des Landes,,,,,,
Klima-Aktionen,,,,,,
Gasag-Tochter,,,,,,
Gericht,,,,,,
Transnisitrien,,,,,,
Cherson:,,,,,,
Weltwetterorganisation,,,,,,
Auswärtigen Amt,,,,,,
Chersons,,,,,,
Ohmstraße,,,,,,
Lieferkürzungen,,,,,,
Bremen-Huchting,,,,,,
Institute for the Study of War,,,,,,
Cherson +++ Tschetschenenchef Kadyrow,,,,,,
Alpen,,,,,,
Kachowka-Staudamms,,,,,,
Mehrfamilienhaus an der Planegger Straße,,,,,,
Sentix-Investmentbarometer: Börsianer,,,,,,
Bali.,,,,,,
Snihuriwka,,,,,,
Klimafragen,,,,,,
Kreta,,,,,,
Deutschland!,,,,,,
Schloss Neuschwanstein.,,,,,,
Primärkreislauf,,,,,,
Genf,,,,,,
Bundeswirtschaftsminister Habeck,,,,,,
Pekings,,,,,,
Bachmut im Donbass,,,,,,
England,,,,,,
Feldberg im Südschwarzwald,,,,,,
Marl-Polsum,,,,,,
Marl,,,,,,
Scharm el Scheich.,,,,,,
Humboldt-Forum,,,,,,
Schiffskontrollen.,,,,,,
vereinigten Deutschland.,,,,,,
Wowtschansk,,,,,,
Gilching.,,,,,,
Greenpeace-Chefin,,,,,,
Syrien,,,,,,
Extremwetterereignissen,,,,,,
Südkorea,,,,,,
Hamburger Elbphilharmonie,,,,,,
BER,,,,,,
Flughafen BER,,,,,,
Kurden,,,,,,
Albanien.,,,,,,
englischen Küste,,,,,,
Luftlandetruppe im Donbass,,,,,,
Atomdrohungen,,,,,,
Elite-Verstärkungen,,,,,,
US-Außenminister,,,,,,
Atomkraft: Leck in Kühlsystem,,,,,,
Agrarökonomin,,,,,,
Energieverbände,,,,,,
Abgeordnetenhauswahl,,,,,,
Moldaus,,,,,,
Kanada,,,,,,
Baden-Württembergs,,,,,,
Italiens,,,,,,
Ringbahn,,,,,,
Nordkorea,,,,,,
Dienstag.,,,,,,
Honorarkonsuln,,,,,,
Pariser,,,,,,
A44,,,,,,
"Live-Ticker: James Cleverly: ""Russland",,,,,,
Amerika,,,,,,
Gründau,,,,,,
Dnepr,,,,,,
Gösgen,,,,,,
Ukraine.,,,,,,
Schleswig-Holsteins,,,,,,
Bußprediger.,,,,,,
Neubiberg,,,,,,
Nord-,,,,,,
Gemeindebibliothek,,,,,,
Seniorenzentrum,,,,,,
Exil-Iranern.,,,,,,
Afghanistan,,,,,,
Montag.,,,,,,
Wohnimmobilien,,,,,,
Schkeuditz,,,,,,
Mount Everest,,,,,,
Verhandlungsparteien,,,,,,
Erdgasspeicher,,,,,,
Draußen,,,,,,
Finanzchaos,,,,,,
Dnjepr,,,,,,
Abgeordnetenhauses,,,,,,
Preiszonen,,,,,,
London.,,,,,,
Gaspreisbremse:,,,,,,
Asiens,,,,,,
Gases,,,,,,
Freistaat,,,,,,
Weißrussland,,,,,,
Brandenburgs,,,,,,
Vorarlberg,,,,,,
Burkina Faso,,,,,,
Grönlands,,,,,,
Stadt München,,,,,,
Glasgow,,,,,,
Westafrikas,,,,,,
Bonn,,,,,,
Gas-Lecks,,,,,,
Klebeaktion,,,,,,
MÃ¼nchner,,,,,,
Brauneck-Bergbahn,,,,,,
Nordirland,,,,,,
Teherans,,,,,,
Pipeline-Lecks,,,,,,
Eis auf Seen,,,,,,
Bangl,,,,,,
Asche.,,,,,,
Notstrom-Lastwagen.,,,,,,
Satellitentelefone,,,,,,
Lyman,,,,,,
Horst-Bienek-Preisen,,,,,,
Toda,,,,,,
Bundestags-Vizepräsidentin,,,,,,
Schutt,,,,,,
Land Berlin,,,,,,
Russland +++,,,,,,
Ampelregierung,,,,,,
Kiel,,,,,,
Lettlands,,,,,,
Inflationskrise,,,,,,
Bundesverfassungsgericht,,,,,,
Baden-Württemberg,,,,,,
Tirol,,,,,,
Aldi Nord: Supermarkt,,,,,,
Preisbremse,,,,,,
Stadt Dachau,,,,,,
Norwegens,,,,,,
Mannheim.,,,,,,
Irans,,,,,,
Mittwoch.,,,,,,
Mengen,,,,,,
Berlin:,,,,,,
Ukraine: AKW Saporischschja,,,,,,
Schützengräben,,,,,,
Kopenhagen,,,,,,
Panzerfallen,,,,,,
Weltnaturschutzkonferenz,,,,,,
Korjukiwka,,,,,,
Nord-Länder,,,,,,
Pipeline Eastmed.,,,,,,
Luxemburg.,,,,,,
Adenau,,,,,,
Klimaanlage.,,,,,,
Tschernobyl.,,,,,,
griechische Inseln,,,,,,
Niederbayern,,,,,,
Hamburgs,,,,,,
Syriens,,,,,,
Unternehmenshilfen,,,,,,
Expressbussen,,,,,,
Hungerproblem,,,,,,
Niedersachsens,,,,,,
Dortmund.,,,,,,
Midcat,,,,,,
Wilhelmshaven,,,,,,
Küste,,,,,,
Zürich,,,,,,
Kursk,,,,,,
Berliner Mauer,,,,,,
Zentrum:,,,,,,
Nord Stream Pipelines.,,,,,,
weggefallener,,,,,,
Erzgebirges,,,,,,
Ludwigshafen,,,,,,
Gasspeicher-Füllstand,,,,,,
LNG-Terminals,,,,,,
Peking.,,,,,,
PERN,,,,,,
Kiew +++,,,,,,
Continental,,,,,,
Bahnsteigkante,,,,,,
AKW Saporischschja,,,,,,
Chisinau,,,,,,
Druschba-Pipeline,,,,,,
Landkreises Starnberg,,,,,,
Lugano,,,,,,
Riga,,,,,,
Energiekostenanstieg,,,,,,
Frankreich.,,,,,,
Ampel-Partner,,,,,,
New York,,,,,,
Entlastungspaket,,,,,,
Dienstagabend.,,,,,,
Ostsee-Insel,,,,,,
Goethe-Uni,,,,,,
AKW Saporischschja.,,,,,,
EU-Staaten,,,,,,
Schiefergestein,,,,,,
Bundeswehr-Decken,,,,,,
Hotel,,,,,,
Beschäftigungsrückgang.,,,,,,
Augsburg,,,,,,
Estlands,,,,,,
Prager Burg,,,,,,
Fracking-Methode,,,,,,
Pullach,,,,,,
Naturschützern.,,,,,,
Öltanker,,,,,,
russische Regierung Ernst: Jegliche posit…,,,,,,
Istanbul,,,,,,
Killer-Bots,,,,,,
Nordrhein-WestfalenViele,,,,,,
Kiew: Was den Menschen in,,,,,,
Nato-Partners,,,,,,
Corona-Krise: Geh,,,,,,
russische Regierung Ernst: Jegliche,,,,,,
Ukraine-Krieg.,,,,,,
Ukraine: Ein Zermürbungskrieg,,,,,,
Sorge,,,,,,
persischen Golf,,,,,,
Tübingen: Mutmaßlicher,,,,,,
Westukraine,,,,,,
Moskau:,,,,,,
Terrorismus-Unterstützer,,,,,,
Kiews si…,,,,,,
Ukraine-Überblick: Stromversorgung,,,,,,
Freising: Künftige Felder,,,,,,
St. Petersburg,,,,,,
Wolga,,,,,,
Ostkongo,,,,,,
Corona-Hilfsfonds.,,,,,,
ul><li>22:28,,,,,,
Kiew</li><li>17:57,,,,,,
Stadt C…,,,,,,
ul><li>12:28 Uhr: Kreml: Ukraine,,,,,,
"Kiew: ""Russland",,,,,,
"scheitern""</li><li>11:44",,,,,,
Neckarwestheim,,,,,,
Auswärtigem Amt,,,,,,
Niedersachsen.,,,,,,
San…,,,,,,
Statistisches Bundesamt: Inflation,,,,,,
Kohlendioxid-Eis,,,,,,
Klima-Clubs,,,,,,
Roten Planeten,,,,,,
Lasermessdaten,,,,,,
"Landes  tagesschau
</li><li>Ukraine",,,,,,
Mumbai,,,,,,
Ukrainische Soldaten,,,,,,
Bremen: Haus,,,,,,
Südens,,,,,,
Schwabinger,,,,,,
Beispiellose,,,,,,
Tschetschenen,,,,,,
Stadt Bachmut,,,,,,
Oblast Donezk.,,,,,,
Zivilschutzes,,,,,,
Deutschland: Der Wald,,,,,,
Haltungsfragen,,,,,,
Blockaden,,,,,,
Hauptzufahrtsstraße,,,,,,
Kiew  ,,,,,,
Ostholstein: Nach Brand,,,,,,
Ruanda,,,,,,
Krise: ,,,,,,
Ankaras,,,,,,
Krimannexion,,,,,,
Te…,,,,,,
B-21,,,,,,
Energieschock,,,,,,
Kirchenfürst vom Rhein,,,,,,
daheim,,,,,,
We...,,,,,,
Ratzeburg: Warum,,,,,,
Behördenangaben,,,,,,
Finanzminister des,,,,,,
Saporischschja +++,,,,,,
Region Saporischschja,,,,,,
Sa…,,,,,,
SZenario: Die der Kälte,,,,,,
Statistische Bundesamt am Freit…,,,,,,
Landtechnikhersteller Claas,,,,,,
Sachfragen,,,,,,
Berlin: Dutzende Menschen,,,,,,
Trümmern,,,,,,
Selenskyj: Befreiung,,,,,,
Klima-Klebern,,,,,,
Kriegführende,,,,,,
Ukraine-Update am Morgen - Putin,,,,,,
Klima-Lösungen.,,,,,,
Freitag:,,,,,,
Europas Seen,,,,,,
Gelnhausen.,,,,,,
Anwohnern.,,,,,,
Ukrainekrieges,,,,,,
Senegal:,,,,,,
Samstag Gottesdienste,,,,,,
Ungarn: Europaparlament,,,,,,
Klima-Chaot Markus Ott,,,,,,
Corinna Emundts.</em>,,,,,,
Ärmelkanal,,,,,,
Booten,,,,,,
britische Innenministerium,,,,,,
Britische Regierung,,,,,,
Ukraine: Kunst,,,,,,
Fastlane-Forums,,,,,,
Luftalarm,,,,,,
Strom-Ausfälle,,,,,,
Potsdamer,,,,,,
Potsdam.,,,,,,
Preisgalopp,,,,,,
Ausgabendisziplin.,,,,,,
Stuttgart/Ludwigsburg,,,,,,
Ble,,,,,,
Wochenvergleich,,,,,,
Waxenberger Forst,,,,,,
Steinen,,,,,,
Mittwochabend.,,,,,,
Zinserhöhungstempo,,,,,,
Petersburger,,,,,,
Migrationsrouten,,,,,,
Konzernkreisen,,,,,,
EU-Gipfels,,,,,,
Tübingen,,,,,,
Rängen.,,,,,,
Luftabwehrwaffen,,,,,,
Seikan-Tunnel.,,,,,,
Hokkaido-Shinkansen,,,,,,
Japans,,,,,,
Zug-Anreise,,,,,,
"Sapporo, der Hauptstadt",,,,,,
Hokkaido.,,,,,,
VW-Beschäftigte,,,,,,
Archanhelske,,,,,,
Vep lpl pel,,,,,,
Hotel geplat…,,,,,,
Onlinelehre,,,,,,
Kernkraftwerk Emsland,,,,,,
Atomreaktor,,,,,,
Bibbern bei Minusgraden,,,,,,
Hamburger Elbbrücken/Veddel,,,,,,
Kreis Alzey-Worms.,,,,,,
Samstag:,,,,,,
Krypto-Krimi,,,,,,
Preisbremse: Frieren,,,,,,
Berliner Winter,,,,,,
Lupe.,,,,,,
Fakten-Check: Bekommt,,,,,,
Ländergrenze,,,,,,
Heizen,,,,,,
"Rote Telefon: ""Die kalte Wohnung",,,,,,
Sachsen.,,,,,,
Schweriner,,,,,,
Ungarn: Viktor Orbán,,,,,,
"Entbindungsklinik
",,,,,,
Befreites Dorf,,,,,,
Kiew?,,,,,,
PO i2.,,,,,,
Uunlp,,,,,,
Krisenhilfe,,,,,,
Selenskij,,,,,,
Selenskyj: Noch 2000,,,,,,
Kubas,,,,,,
"STARTUPTICKER
Enpal+++",,,,,,
hlpy,,,,,,
Lagertür,,,,,,
Echtzeit.,,,,,,
Kuba,,,,,,
Karibikdiktatur,,,,,,
Heizmittel,,,,,,
Selenskyj forder,,,,,,
Großer Flüchtlingsandrang,,,,,,
Bezirken,,,,,,
"Cristo Rei, Osttimor: Dramatischer Überlebenskampf",,,,,,
Osttimor,,,,,,
Cristo Rei,,,,,,
Tribünen,,,,,,
russlandkritischer,,,,,,
Restaurantbesuche,,,,,,
Elmshorn,,,,,,
Elmshorn: Frauen,,,,,,
Hannover.,,,,,,
EU-Politikerin,,,,,,
Alpenrand,,,,,,
"Donezk  Merkur.de
</li><li>",,,,,,
Hochtouren,,,,,,
Berlin-Dahlem,,,,,,
Stadt Donezk,,,,,,
Rheinland-Pfalz,,,,,,
Swa…,,,,,,
Den Haag,,,,,,
S41,,,,,,
Wolgograd,,,,,,
Prudboi,,,,,,
Elbe,,,,,,
Senegalesischen Atlantikküste,,,,,,
Hohen Inflation,,,,,,
Frieren,,,,,,
Benlpekteup,,,,,,
Landgericht Düsseldorf: Prozess nach Angriff,,,,,,
Kasachstan:,,,,,,
Vereinigte Königreich,,,,,,
Platz.,,,,,,
Tagesspiegel-Newsletter Checkpoint,,,,,,
Washington/Berlin,,,,,,
Brackel,,,,,,
Ukrainische AKWs,,,,,,
Ministerrunden,,,,,,
Rumänien,,,,,,
Esa,,,,,,
Dunkeln sitz…,,,,,,
KiewNach,,,,,,
Kreml ha…,,,,,,
Russlands Kriegszielen,,,,,,
Putins,,,,,,
Logistiktochter,,,,,,
Bundesinnenministerium,,,,,,
Live-Ticker: Cherson:,,,,,,
November en…,,,,,,
Stromausfällen im Land,,,,,,
Kernkraftwerk Saporischschja,,,,,,
Rosatom,,,,,,
Moskaus.,,,,,,
Finnland.,,,,,,
Kühle,,,,,,
entdeckt</li><li>15:27 Uhr: Ukraine,,,,,,
Lettland,,,,,,
Leipzig: Durchsuchungen,,,,,,
Moskau!,,,,,,
Chemiewaffen-Einsatz,,,,,,
Medibank-Filiale,,,,,,
Raumflüge,,,,,,
Ukraine: Wie dieser Mann aus Krieg,,,,,,
Klimaaktivisten-Angriff,,,,,,
Bornberg,,,,,,
Notenbank-Chefin,,,,,,
CO2-neutrale,,,,,,
Polen: kampferprobt,,,,,,
Schauspielchefin,,,,,,
London: Erfolgreicher,,,,,,
Mittelkalibermunition,,,,,,
Nachhaltig Heizen: Solarthermie: Lohnt,,,,,,
Samstag.,,,,,,
Mexikos,,,,,,
Essener,,,,,,
"Beuu uoOtlek,",,,,,,
Einfach,,,,,,
Wolldeckenwinter: Was man jetzt braucht,,,,,,
Flusses Dnipro ver…,,,,,,
Russlandkritiker,,,,,,
Beatel,,,,,,
plonekle el unl eO,,,,,,
Marzahn-Hellersdorf,,,,,,
Nothilfebedarf,,,,,,
Grüne Haus,,,,,,
KIno:,,,,,,
Land Burgenland,,,,,,
Dachau: Weihnachtsbeleuchtung,,,,,,
Windrush-Generation,,,,,,
Zentralafrika,,,,,,
NÖ,,,,,,
UN-Schätzungen,,,,,,
Klimaprotest,,,,,,
Herbstkonferenz: Klima-Proteste,,,,,,
Schlammperiode,,,,,,
Den Haag.,,,,,,
Geisel.,,,,,,
"Wochenrückblick: Inflation, China",,,,,,
Weiße Haus,,,,,,
Ländern,,,,,,
Ölkrisen,,,,,,
Energievorrat,,,,,,
Grenzregionen</li><li>16:18 Uhr:,,,,,,
Sankt Petersburg,,,,,,
Wintersaison.,,,,,,
Zugspitze,,,,,,
Großbritannien debattie…,,,,,,
kremltreue Moskauer Patriarchat,,,,,,
Wagner-Truppen,,,,,,
Frost,,,,,,
Lmjnb,,,,,,
Berliner Amtsgericht,,,,,,
Preiswelle,,,,,,
US-Soldaten,,,,,,
Gaspreisentwicklung,,,,,,
Gaspreis-Chaos,,,,,,
Tokio,,,,,,
Nischyn,,,,,,
Wagner-Gruppe,,,,,,
Bltel,,,,,,
Svatove,,,,,,
Afrika.,,,,,,
Wagner-Söldner,,,,,,
Trainiere,,,,,,
Amt,,,,,,
WELT-Podcast,,,,,,
Schüssen,,,,,,
St. Pölten:,,,,,,
Bezirk Oberwart,,,,,,
Hamburgs Innenstadt…,,,,,,
Finanz-Branche,,,,,,
Bad Tatzmannsdorf,,,,,,
Flughafen München.,,,,,,
Hertastraße 18,,,,,,
Heimstaden-Mieter,,,,,,
Südbahn,,,,,,
Schornstein,,,,,,
St. Pölten,,,,,,
Nordafrikas,,,,,,
B1a,,,,,,
Stattersdorfer Hauptstraße,,,,,,
Wiener Straße,,,,,,
Mariazeller Straße,,,,,,
Puluue,,,,,,
ul><li>17:32,,,,,,
Jshfoexbt,,,,,,
Kitaelternbeirat,,,,,,
Kattowitz,,,,,,
ul><li>12:31 Uhr,,,,,,
Front,,,,,,
Illerkirchberg: Anwohner trauern,,,,,,
Brjansk,,,,,,
Billigfleisch-Theke,,,,,,
"Indien: Russland,",,,,,,
Großbritannien.,,,,,,
Fußball-Baustelle,,,,,,
Sipri-Jahresbericht,,,,,,
Sipri-Friedensforscher,,,,,,
Stockholm.,,,,,,
Waffenkonzerne: Milliardenumsatz,,,,,,
Saarland.,,,,,,
Separatistengebildes.,,,,,,
Live-Ticker: London,,,,,,
Freien.,,,,,,
Breslau,,,,,,
Seeweg transportiertes,,,,,,
russischen Teilrepublik,,,,,,
Westbalkan,,,,,,
Wagner-Söldnergruppe,,,,,,
Ungarn.,,,,,,
Kommentar: Halbherzig,,,,,,
Biberach: Mehrere Unfälle bei,,,,,,
Vorauseilender,,,,,,
North Carolina,,,,,,
Mars,,,,,,
Gladbach: Finanzaufsicht,,,,,,
Mond,,,,,,
Landgericht Hamburg,,,,,,
Sapo…,,,,,,
North Carolina.,,,,,,
Donezker Volksrepublik,,,,,,
Leipzig: Flensburgs,,,,,,
Lengerich.,,,,,,
Kreis Steinfurt,,,,,,
Schwarzwald.,,,,,,
Kunsthalle Tübingen,,,,,,
Ukraine: Nasa:,,,,,,
Ukraine-Liveticker: Schwere Kämpfe,,,,,,
Untreue-Ermittlungen,,,,,,
Al-Wakra.,,,,,,
Kälte-Tod?,,,,,,
Blackout,,,,,,
Hurghada,,,,,,
Kreis Steinfurt: Messerangriff,,,,,,
Londons,,,,,,
Vereinigten Königreichs,,,,,,
Bundesrepublik.,,,,,,
Wales,,,,,,
San Francisco:,,,,,,
Ukraine +++ Grüne,,,,,,
Deuts…,,,,,,
Verteidigungsminister-Treffen,,,,,,
Zeche Staczic.,,,,,,
Colorado: Anklage,,,,,,
Katastrophe von Fukushima,,,,,,
Hauptstadtflughafen BER,,,,,,
Illerkirchberg.,,,,,,
End,,,,,,
Katar.,,,,,,
Milliardenwert,,,,,,
gestapelter,,,,,,
Bremer,,,,,,
Russland gefüh…,,,,,,
Waffensendung,,,,,,
Ukraine-Flüchtlingen +++,,,,,,
Regierungsangaben,,,,,,
Rügen,,,,,,
A6,,,,,,
Oberverwaltungsgericht Berlin-Brandenburg,,,,,,
München:,,,,,,
Leipzig: Start-Up-Kongress,,,,,,
Waffenfetisch,,,,,,
Stadt Klima-Blockaden,,,,,,
Ostprignitz-Ruppin: Zwei Männer sterben,,,,,,
Soziales: Ukrainekrieg,,,,,,
Lambrechts,,,,,,
Islamischer Staat,,,,,,
Nieder,,,,,,
Berlin: Berlin,,,,,,
Wochenvorschau,,,,,,
Donezk +++,,,,,,
Atomkraftwerk Saporischschja +++ London,,,,,,
Getreide-Ausfuhren,,,,,,
Wohlhabende,,,,,,
Schanghai,,,,,,
Einschusslöcher am Rabbinerhaus…,,,,,,
Offenbach.,,,,,,
Nordkoreas,,,,,,
Luftreiniger,,,,,,
Haarpflege-Geräte,,,,,,
Melitopol.,,,,,,
DonezkBereits,,,,,,
Unterdessen,,,,,,
Best Western Plus Hotel Füssen,,,,,,
ul><li>14:45,,,,,,
Polen: Windkraft?,,,,,,
Schloss Neuschwanstein: 3 Tage,,,,,,
Montréal.,,,,,,
Dunningen,,,,,,
Sonntag:,,,,,,
Kosovo.,,,,,,
Wirkungsloses Instrument?,,,,,,
Buelaleevoelllu,,,,,,
Kanadas,,,,,,
Franken,,,,,,
Straßen-Blockaden,,,,,,
Autobahn 100,,,,,,
Oberbaumbrücke,,,,,,
"Klimaschutzgruppe ""Letzte Generation"" ihre",,,,,,
Fulda,,,,,,
Weihnachtseinkaufs-Saison,,,,,,
Rekordinflation,,,,,,
London:,,,,,,
Skisaison.,,,,,,
Brand,,,,,,
Michigan,,,,,,
Leeds,,,,,,
Großbritannien:,,,,,,
Klimastudie: Europas,,,,,,
Betonhand,,,,,,
Klimademonstranten kle­ben,,,,,,
Flughafen Berlin-Brandenburg,,,,,,
Straßenblockade,,,,,,
instabilem Eis.,,,,,,
Maduro,,,,,,
Venezuela: Regierung und Opposition,,,,,,
Gordi:,,,,,,
Ukraine: »Jetzt,,,,,,
Lippen,,,,,,
Ukrainisches Getreide,,,,,,
Tatarstan,,,,,,
Ukraine-Update Morgen des 12. Dezember.,,,,,,
Gutverdienenden,,,,,,
Gegenoffensiven,,,,,,
US-Bundesstaaten,,,,,,
Monte San Salvatore,,,,,,
Kadiwka,,,,,,
Genf.,,,,,,
Hanno…,,,,,,
Raketentreffer,,,,,,
Ost-Ukraine,,,,,,
Fracking-Tabu,,,,,,
Frankfurter Landgericht,,,,,,
Bezirk Liezen,,,,,,
Erkner,,,,,,
Zug,,,,,,
Brandenburger Bahnhof,,,,,,
Bahnhof Erkner,,,,,,
Kreis Lippe: «Führerscheinkönig» auf der Flucht,,,,,,
Bad Aussee,,,,,,
"Kreis Lippe: ""Führerscheinkönig"" auf der Flucht",,,,,,
Landgericht Detmold,,,,,,
Gas-Deals,,,,,,
Bucherfolg,,,,,,
Ukraine-Liveticker: Schoigu,,,,,,
Dächern von N…,,,,,,
Frankfurter Allerheiligenviertel,,,,,,
Ukraine: Moskau,,,,,,
Region Odessa,,,,,,
Mittwoch:,,,,,,
der Schweiz,,,,,,
NATO-Mitgliedslands,,,,,,
Abgeordnetenhaus,,,,,,
Völkermord-Beschluss +++,,,,,,
Feierabend-Welle,,,,,,
Protest-Aktion,,,,,,
"Flughafen: ""Auf die Fahrbahn",,,,,,
Spürhunden,,,,,,
Gepard-Panzern,,,,,,
Flughafen,,,,,,
Klebe-Blockaden,,,,,,
Dyson Zone,,,,,,
Tal Rifaat Rauch,,,,,,
Ceausescus Diktator-Palast,,,,,,
"Kopfschütteln
",,,,,,
Atomkraft-Renaissance: Wie Rumänien,,,,,,
Speicherverband,,,,,,
Washington.,,,,,,
ETF-Suche: Youtuber,,,,,,
Hinterkopf.,,,,,,
Sumy +++,,,,,,
Krefeld,,,,,,
Ukraine-Update am Abend.,,,,,,
Putin-Weggefährte,,,,,,
Schwarze Meer +++ AKW,,,,,,
Schweizern,,,,,,
Oblast Sumy,,,,,,
Znob-Novhorodske,,,,,,
Seredyna-Buda,,,,,,
Elektroauto-Lücke.,,,,,,
russischen Grenze un…,,,,,,
Kronberg,,,,,,
Finanzfluss,,,,,,
Ukraine-Russland-News am Dienstag: Dnipro,,,,,,
Krefeld: Tödliche Schüsse,,,,,,
Geheimtür,,,,,,
italienische Regierung,,,,,,
Weihnachtsmarkt.,,,,,,
Café Laumer,,,,,,
Wyschhorod,,,,,,
Reparationsbeauftragte,,,,,,
Meeresboden,,,,,,
Arkadiusz,,,,,,
Hauptstadt,,,,,,
Lagerhalle un…,,,,,,
Tschernobyl,,,,,,
Severstal,,,,,,
Munitionsmangel,,,,,,
Rostock: Autofahrer,,,,,,
Münsterland:,,,,,,
Amberg: Ladendieb,,,,,,
US-Maßstäben,,,,,,
Theater in der,,,,,,
Freitagmorgen.,,,,,,
Maoniuping-Mine,,,,,,
Krisengewinner,,,,,,
Illner,,,,,,
Berlin/Oberpframmern.,,,,,,
Großhandelsmarkt,,,,,,
Do…,,,,,,
Herrschaft des Westens,,,,,,
Bundespräsidialamt,,,,,,
Flugfelds,,,,,,
Senatskanzlei,,,,,,
Frierende,,,,,,
Windkraft-Ausbau,,,,,,
Dom,,,,,,
Beiersdorf-Vorstandschef,,,,,,
Beiersdorf,,,,,,
Konsumklimas.,,,,,,
Klima-Veränderungen,,,,,,
di…,,,,,,
lpl ep pekl,,,,,,
Ostsee: Russland,,,,,,
Birr,,,,,,
Falklandinseln,,,,,,
Kaimaninseln,,,,,,
Schwarzmeer-Halbinsel,,,,,,
Flakon-Produzent,,,,,,
Drohnen-Vorwürfe,,,,,,
Ukraine-News: Iran,,,,,,
Samstagmorgen.,,,,,,
aargauischen …,,,,,,
Freitagabend.,,,,,,
Schloss Bellevue.,,,,,,
Entlastungsformel,,,,,,
Pauèp,,,,,,
Veltins,,,,,,
Bitburger-Braugruppe,,,,,,
Olching,,,,,,
Olching: Autofahrer,,,,,,
Ukraine-Krieg Szenarien,,,,,,
Schwedische Marine-Chefin: Vollständiger Pipeline-Schutz,,,,,,
Donnerstagmorgen.,,,,,,
Brennelementefabrik,,,,,,
Nord Stre…,,,,,,
Nordstream:,,,,,,
Erdgas-Speicher,,,,,,
Mexiko,,,,,,
Kasseler,,,,,,
Ost-,,,,,,
"Ostdeutschen: ""Russen",,,,,,
Russlandbild,,,,,,
Koreaner,,,,,,
Downing Street.,,,,,,
Flüssiggases,,,,,,
Chersons +++,,,,,,
Ukraine-News am Montag:,,,,,,
Gold- und Devisendiebstahl,,,,,,
Museum Barberini,,,,,,
Monet-Gemälde,,,,,,
Potsdam:,,,,,,
Waffenexporteur,,,,,,
Kuba stehst!,,,,,,
Gaspreisbremse?,,,,,,
Kriegswinter,,,,,,
Vor-Corona-Niveau,,,,,,
Bundeswirtschaftsminister,,,,,,
Rishi Sunak,,,,,,
AKW Saporischschja.<em>,,,,,,
Vorstandsrang,,,,,,
Tempolimt,,,,,,
Avtodom,,,,,,
Auto-Show IAA Mobility,,,,,,
Corona-Jahren,,,,,,
Temperatureinflüsse.,,,,,,
Ukraine-News am Mittwoch: Kiew,,,,,,
"Germany
",,,,,,
Audi-Chef,,,,,,
Russland-Krise: Audi-Chef,,,,,,
Frankfurt/Berlin,,,,,,
Ukraine: Der Wiederaufbau,,,,,,
Gaspreis-Bremse,,,,,,
"Berlin: ""Nie",,,,,,
Ukraine-Konferenz,,,,,,
Ieklknupelleu,,,,,,
St. Helena.,,,,,,
Getreide-Deal,,,,,,
Pluto,,,,,,
Schwarzheide,,,,,,
Polen: Regierung,,,,,,
Neva…,,,,,,
Las Vegas,,,,,,
Atomwaffen-Einsatz,,,,,,
"Baerbock erleichtert
",,,,,,
Ministerpräsidentenkonferenz: Worüber Bund,,,,,,
Gaskrise:,,,,,,
Lausitz.,,,,,,
Grünenchefin,,,,,,
Energiewende-Vorreiters,,,,,,
Plenelpekolenua ueek upeu,,,,,,
Veuu,,,,,,
eu.,,,,,,
Ukraine-News am Mittwoch:,,,,,,
Athens,,,,,,
Bund-Länder-Treffen,,,,,,
Landgerichts Wiesbaden,,,,,,
Nebenakteuren,,,,,,
Atomkraftwerken.,,,,,,
Scharm al-Scheich,,,,,,
Frankreich: Endlager,,,,,,
Bakhmut.,,,,,,
Südpol.,,,,,,
Südpol,,,,,,
ukrainische Häfen am,,,,,,
Lieferkettenprobleme,,,,,,
Bosporus,,,,,,
Deutsche Städte- und Gemeindebund,,,,,,
Lindner,,,,,,
Soledar.,,,,,,
Soledar,,,,,,
Bundesumweltministerium,,,,,,
norwegischen Küste,,,,,,
Norwegen +++,,,,,,
Pommern:,,,,,,
Mi­nisterpräsidentenkonferenz,,,,,,
Südtirol,,,,,,
Kommentar: Preisbremsen,,,,,,
Nah-,,,,,,
Ministerpräsidentenkonferenz:,,,,,,
Wiesbaden:,,,,,,
Stade,,,,,,
LNG-Terminal: Stade,,,,,,
Fracking-Gas iâ€¦,,,,,,
Rhein-Main-Gebiets,,,,,,
Luftalarm in der,,,,,,
Holz.,,,,,,
Lula,,,,,,
Schwarzes Meer,,,,,,
Saporischschja +++ UN:,,,,,,
Rekordwärme,,,,,,
Brasilien,,,,,,
Fracking-Technologie,,,,,,
Billionenhöhe,,,,,,
Fernsehkrimideutschland,,,,,,
"Frankfurt
",,,,,,
Harzer,,,,,,
Magdeburg: »Hexen,,,,,,
Ravenna,,,,,,
Alphabet-Konstrukt,,,,,,
Golfstaat,,,,,,
Vereinigten Arabischen Emirate,,,,,,
Staat Verbrauchern und Wirtschaft,,,,,,
Meeres,,,,,,
NOAA,,,,,,
Sotschi.,,,,,,
Abu Dhabi,,,,,,
Abu Dhabi: Ölindustrie,,,,,,
Wirtschaftsminister,,,,,,
Energiepreisbremse: Robert Habeck,,,,,,
Straße gegan…,,,,,,
Brandenburg.,,,,,,
Kiewer,,,,,,
Ludwigslust-Parchim: Mann,,,,,,
"ABU DHABI, VAE",,,,,,
Pipeline,,,,,,
London +++,,,,,,
Aldi,,,,,,
Kasachstan: Gradwanderung,,,,,,
Ukraine-Liveblog: Klitschko:,,,,,,
V…,,,,,,
Wiens,,,,,,
Dreiergipfel,,,,,,
Irkutsk.,,,,,,
Vertrauenskrisen,,,,,,
Großbritannien: Jetzt,,,,,,
Pipeline-Chaos,,,,,,
Berlin/Kiew.,,,,,,
Eis-Winter,,,,,,
Preiserhöhungswelle,,,,,,
Nord Stream: Schweden,,,,,,
Rheinischen Revier,,,,,,
Braunkohleausstieg: Ein Dorf,,,,,,
Internetkabel,,,,,,
Offshore-Anlagen,,,,,,
Blueeul,,,,,,
Informeller EU-Gipfel,,,,,,
Gaslecks: Nord-Stream-Betreiber,,,,,,
Ergebnisse.,,,,,,
Russische Armeekarte,,,,,,
Truppenübungsplatz +,,,,,,
Nord-Stream-Röhren,,,,,,
Westliche Staaten,,,,,,
Nord Stream: Pipeline-Lecks,,,,,,
Küste Bornholms.,,,,,,
Gaskrise: Wie MÃ¼nchens,,,,,,
Prag:,,,,,,
Energierechtsberatungen,,,,,,
deutschen Staat,,,,,,
Schwedt,,,,,,
Gas-Ziel,,,,,,
Gasfeldern,,,,,,
Israel-Libanon: Streit,,,,,,
Ukrainekrieg: G7-Staaten,,,,,,
Ukraines,,,,,,
Schwe…,,,,,,
Beispielloser,,,,,,
Zivilisatorisch?,,,,,,
Bundesweit,,,,,,
Ostsee.</li><li>,,,,,,
Deutsche Bundesanwaltschaft,,,,,,
Gas-Kommission,,,,,,
Kreises,,,,,,
Experten-Kommission,,,,,,
Atomkraftwerks Saporischschja,,,,,,
Notstromdiesel,,,,,,
Gasmarkt,,,,,,
Nord Stream: Was die Gaslecks,,,,,,
Gas-Austritt,,,,,,
Nord-Stream-Pipelines: Dänische,,,,,,
Brennholz,,,,,,
Energietipps,,,,,,
russischen Staat,,,,,,
Deutsche Atomkraftwerke,,,,,,
Gasspeicher-Füllstände,,,,,,
Kulturbranche,,,,,,
Schubladen,,,,,,
Petersberger Klimadialog,,,,,,
Ägyptens,,,,,,
Hallenbäder,,,,,,
Moldau.,,,,,,
Gaskrise: Nürnberg,,,,,,
regierungsamtlich,,,,,,
Sparfuchs,,,,,,
Davos,,,,,,
Flüssiggasterminals,,,,,,
Preisschilder,,,,,,
Bulgarien.,,,,,,
Ukraine-Krieg: Lösen,,,,,,
Betriebstemper nan,,,,,,
niederländische Staat,,,,,,
Haus  warm,,,,,,
Ismaning,,,,,,
Gastransit,,,,,,
Gröbenzell: Drei Parteien.,,,,,,
Strommarkt,,,,,,
Nord Stream:,,,,,,
Drohnensichtungen,,,,,,
Doppel-Wumms-Dilemma.,,,,,,
Vorjahre-warum?,,,,,,
Berlin.,,,,,,
Pr…,,,,,,
Nord Stream: Werden,,,,,,
Erdgasmarkt,,,,,,
Nord Stream: Preissprung am,,,,,,
Habecks,,,,,,
F.A.Z.-Informationen,,,,,,
Nord Stream 1-Pipeline h…,,,,,,
leckgeschlagen,,,,,,
Nord Stream“-Pipelines.,,,,,,
Leuna +++,,,,,,
Öl-Lieferungen,,,,,,
Leck in,,,,,,
Russland ge…,,,,,,
Stadtbergen,,,,,,
russische Präsidialamt,,,,,,
Belgien.,,,,,,
Schulbesetzungen,,,,,,
"Atombehörden-Chef: ""Putin",,,,,,
Hamburger Hafens,,,,,,
Brandenburger,,,,,,
Oslo.,,,,,,
Energie-Studie: Deutschland,,,,,,
Spaniens Küste,,,,,,
Scholz-Machtwort,,,,,,
"Chalkida, Griechenland.",,,,,,
Kieler Land…,,,,,,
Bildungsstudie,,,,,,
Baustelle k…,,,,,,
Russische Föderation,,,,,,
GaslÃ¼cke,,,,,,
Weltmeere,,,,,,
Emirate,,,,,,
Vereinigten Arabischen Emirate.,,,,,,
Vereinigten Arabischen Emiraten,,,,,,
Wieduwilts Woche: Und bist du,,,,,,
Langfristverträge,,,,,,
ukrainischen Regierung,,,,,,
"Verteidigungsministern Frankreichs, der Türkei",,,,,,
Oblast Irkutsk,,,,,,
Ural,,,,,,
Perm,,,,,,
Zentralukraine,,,,,,
Nord Stream1.,,,,,,
Deutschland:,,,,,,
AKW Emsland,,,,,,
Lingen:,,,,,,
AKW-Stadt,,,,,,
Brandenburg i…,,,,,,
Wasserkraftwerks Kachowka,,,,,,
Kachowka,,,,,,
Kachowka.,,,,,,
Ministerpräsidentenkonferenz: Länder,,,,,,
LÃ¼tzeraths,,,,,,
Dänemarks,,,,,,
Druschba-Ölpipeline,,,,,,
Greta-Spirit,,,,,,
Thrakien,,,,,,
Umschlagpunkt,,,,,,
Melnyks Abschied: „Danke für Ihre Geduld“,,,,,,
Lissabon,,,,,,
Wärmeräume,,,,,,
Gaskrise: Tempelhof-Schöneberg,,,,,,
Neun-Euro-Ticket,,,,,,
Statistisches Bundesamt: Inflationsrate,,,,,,
Balzli,,,,,,
Nord Stream,,,,,,
Krieg</li><li>,,,,,,
Ludwigshafen.,,,,,,
Unternehmensquellen,,,,,,
Nord Stream 2,,,,,,
Tankstelle Geld,,,,,,
Warschau/Berlin,,,,,,
Leck an Ölpipeline,,,,,,
Pipeline Druschba:,,,,,,
Freitag.,,,,,,
Freytags-Frage: Was,,,,,,
Kuleba,,,,,,
Krim-Brücke,,,,,,
Ringtauschs,,,,,,
Reichen,,,,,,
Mecklenburg-Vorp…,,,,,,
"Niedersachsen
",,,,,,
Rekord-Hitzewelle: China,,,,,,
Frankfurts,,,,,,
Lichtenstein,,,,,,
Spandauer,,,,,,
Gas-Alternativen,,,,,,
Neckwarwestheim,,,,,,
Ulmer,,,,,,
Füllstands,,,,,,
Überflügen,,,,,,
Nord Stream-Leitungen,,,,,,
Uno-Bericht,,,,,,
Deutschland: »Strom,,,,,,
|,,,,,,
Infraroteleskope,,,,,,
Österreich: Gas-Heizungen,,,,,,
Wohldorfer Wald,,,,,,
hessische Umweltministerium,,,,,,
Europäer,,,,,,
Großhandelsplatz,,,,,,
Polen:,,,,,,
Energiepreise:,,,,,,
Fulda:,,,,,,
Rakteneinschlag,,,,,,
Hohe Preise,,,,,,
RP,,,,,,
Slowakei.,,,,,,
Leopoldina,,,,,,
Artemis,,,,,,
Nato-Mitglieds Polen,,,,,,
Nato-Territorium,,,,,,
Indonesien: Die Abschlusserklärung,,,,,,
Baden-Württembergs Regieru…,,,,,,
Walmart,,,,,,
Wä…,,,,,,
Lang,,,,,,
Bündnisfall.,,,,,,
Spot-Preise,,,,,,
Niedriglohnkommission,,,,,,
Teuerungswelle err…,,,,,,
Warmwasser,,,,,,
Preisschock.,,,,,,
Sender-Chef,,,,,,
Region Ch…,,,,,,
Polen +++,,,,,,
Ukraine: Wo,,,,,,
Finanzsorgen,,,,,,
Knast?,,,,,,
Austria am Donnerstag,,,,,,
Polizeibusse,,,,,,
Polen +++ Russische Wirtschaft,,,,,,
Dobrindt-Aussage,,,,,,
Demonstrationen: Haldenwang,,,,,,
Bornheim,,,,,,
Plauen,,,,,,
Vogtlandkreis,,,,,,
Argentinier,,,,,,
Russland +++ Lawrows,,,,,,
Sergeji Lawrow,,,,,,
Umgebaute,,,,,,
Coronapandemie,,,,,,
Chile.,,,,,,
indonesischen Regierung,,,,,,
Bundesanzeiger veröffe…,,,,,,
Ärmelkanal.,,,,,,
Neuköllner Donaustraße,,,,,,
Neukölln,,,,,,
MV,,,,,,
europäischen Küste,,,,,,
El-Scheich,,,,,,
Marokko,,,,,,
Tech-Krise,,,,,,
Chile,,,,,,
Rangeln,,,,,,
Teures,,,,,,
Identitätsfälschungen,,,,,,
Ukraine: »Die Menschen laufen mit Freudentränen,,,,,,
Vietnam,,,,,,
Watzke,,,,,,
Milliardenhöhe.,,,,,,
Virginia: Tödliche Schüsse,,,,,,
Changpeng Zhao,,,,,,
Binance-Gründer,,,,,,
Geizen,,,,,,
UN-Klimakonferenz: Der Regenwald,,,,,,
Sturm.,,,,,,
Beplhetlplelnuapolueepp,,,,,,
Klima-Volksentscheid.,,,,,,
Wien.,,,,,,
Klimt-Bild,,,,,,
Museen: Farbattacke von Klima-Aktivisten,,,,,,
Großbritannien: Sunak,,,,,,
Jahresverbrauchs,,,,,,
G-20-Gipfels.,,,,,,
Riester-Fondssparplänen,,,,,,
Doha,,,,,,
Emirat Deutschland,,,,,,
Katar: Warum,,,,,,
Teuer-Winter,,,,,,
Minderjährigen.,,,,,,
Bali:,,,,,,
Topverdienern,,,,,,
Auswärtigen Amtin,,,,,,
St…,,,,,,
Przewodow,,,,,,
Selenskyj.,,,,,,
Atomgesprächen,,,,,,
Nordirak,,,,,,
Türkei: Kurdische Miliz,,,,,,
Kiew:,,,,,,
Mannheim,,,,,,
Uno-Klimakonferenz,,,,,,
Vereinigte Königreic…,,,,,,
Umweltbundesamt,,,,,,
Ostukraine</li><li>Kiew:,,,,,,
Buenos,,,,,,
Argentinien:,,,,,,
Klimawende,,,,,,
Ukraine-News am Samstag,,,,,,
Apec-Gipfel,,,,,,
Ukraine: Heftige Kämpfe,,,,,,
Gebiet Donezk,,,,,,
Krim +++,,,,,,
Grossi,,,,,,
Cherson aus</li><li,,,,,,
Eis-zapfen,,,,,,
Südfrankreich,,,,,,
Düsseldorfer Wohnungskonzern,,,,,,
Düsseldorf/Augustdorf,,,,,,
Halle/Saale,,,,,,
Augustdorf,,,,,,
Vereinigten Arabischen Emiraten.«,,,,,,
Frierender Nawalny,,,,,,
Luitpoldbrücke,,,,,,
Winter-WM im Wüsten-Emirat,,,,,,
Frankreich: Geflüchtete Ukrainerinnen jobben,,,,,,
AKW Saporischschja,,,,,,
Telefonseelsorge,,,,,,
Ble 00-lokllae,,,,,,
Alternativen.,,,,,,
Colorado Springs,,,,,,
Kamen,,,,,,
Bayerns Exportumsätze,,,,,,
Kerntechnikanlagen,,,,,,
Der Schweiz,,,,,,
"Kyiv Independent"" teilt…",,,,,,
Vereinigte Köngreich,,,,,,
Stromproblemen +++,,,,,,
AKW Saporischschja ++,,,,,,
USA:,,,,,,
Pipelines: Staatsanwalt:,,,,,,
Basketballerin,,,,,,
Pazifiks,,,,,,
Apec,,,,,,
Ukraine-News,,,,,,
Amtsgericht München,,,,,,
Redaktionsräume.,,,,,,
Waldviertel.,,,,,,
Ukraine-Krieg: Klitschko: Ukraine-Zukunft,,,,,,
Niederösterreich,,,,,,
Rubens-Bild,,,,,,
Kassel,,,,,,
Zentralrussland,,,,,,
Mordowien,,,,,,
US-Bürgerin,,,,,,
Strafkolonie,,,,,,
Akw,,,,,,
Manhattan.,,,,,,
Russland: »Ich,,,,,,
Wunden,,,,,,
Rabbinerhaus,,,,,,
"Straße der Energiearbeiter, Hausnummer",,,,,,
Donbass +++,,,,,,
Mayerhoffer,,,,,,
Nieser,,,,,,
Synagoge.,,,,,,
epel tel,,,,,,
Top-Beraterin,,,,,,
Wirtschaftsweisen-Chefin,,,,,,
Energieengpässen,,,,,,
AKW-Wartungen: Sorge um Stromversorgung,,,,,,
Rothenburg ob der Tauber: Krankenhauspatient aus Kälte,,,,,,
flott,,,,,,
Indonesien.,,,,,,
Langfristprognosen,,,,,,
LNG-Lieferungen.,,,,,,
Rabbinerhauses,,,,,,
Reul,,,,,,
Essen: Katze,,,,,,
Meppener,,,,,,
Osnabrück,,,,,,
Tonnenpreis,,,,,,
Oberösterreich,,,,,,
Klimahölle,,,,,,
Scharm el Sche…,,,,,,
Gaskrise,,,,,,
Energiebörsen,,,,,,
Normalkunden,,,,,,
Preishoch,,,,,,
Börsenpreis,,,,,,
Pelletspreisen,,,,,,
Kulinaria,,,,,,
Thüringer,,,,,,
Asowsche Meer,,,,,,
Saporischja,,,,,,
Ukraine-Überblick: Scholz,,,,,,
Moldau: Kremltreue,,,,,,
Berlin. ,,,,,,
Scharm el Scheich,,,,,,
Ägypten: Klimakonferenz COP27,,,,,,
AKW Temelin,,,,,,
Russland-USA: Wladimir-Putin-»Koch«,,,,,,
Pakistan,,,,,,
Fahrbahn,,,,,,
Atomkraftwerks Civaux,,,,,,
Block 1,,,,,,
Atomkraft: Leck,,,,,,
Kohlenhändler,,,,,,
Check-Pflicht,,,,,,
Paris.,,,,,,
Griechenlands,,,,,,
Bundesbankpräsident,,,,,,
Grazer Innenstadt,,,,,,
Kachowka-Damm,,,,,,
Essen: Kleinere,,,,,,
Wallrings,,,,,,
City,,,,,,
Ruhrgebiets.,,,,,,
Achtfache,,,,,,
Gasometer Schlierens,,,,,,
Gasometer,,,,,,
Kriegsgeschäfte,,,,,,
ul><li>14:57 Uhr,,,,,,
Live-Ticker.,,,,,,
Germering: Gasgeruch,,,,,,
Münster.,,,,,,
Haushaltsrücklagen,,,,,,
Vertretbar,,,,,,
Chisi…,,,,,,
Berlin: Radfahrerin,,,,,,
Energiespar-Ikone,,,,,,
Dubai,,,,,,
Münst…,,,,,,
Münster,,,,,,
Münster:,,,,,,
UN-Klimagipfel,,,,,,
Berlinern,,,,,,
Tech-Unternehmer,,,,,,
Berg.“,,,,,,
Nürnberger,,,,,,
Nürnberg:,,,,,,
Tigray,,,,,,
Äthiopien:,,,,,,
London: Russische Soldaten,,,,,,
Randvolle,,,,,,
Erdgas-Speicher: Plötzlich Gas,,,,,,
Wozu Kraftwerke?,,,,,,
Dachau.,,,,,,
Mützenichs,,,,,,
amerika­nische Regierung,,,,,,
Bidens Nuklearstrategie:,,,,,,
Preisbarometer: Hohe Gas-Preise: Lohnt,,,,,,
Gaskondensat: Deutscher Gaskonzern: Wintershall,,,,,,
Ukraine-Krieg: Iran,,,,,,
Tschechiens,,,,,,
NRW-Ministerpräsidenten,,,,,,
Landesparteitag,,,,,,
Jüchen,,,,,,
Grevenbroich,,,,,,
Nordamerika,,,,,,
Mützenich,,,,,,
Lavey-les-Bains,,,,,,
La Rioja,,,,,,
Landtag: U-Ausschuss,,,,,,
Eskalation.,,,,,,
Lörrach: Skifahren am Feldberg,,,,,,
Todtnau,,,,,,
Eigenheim,,,,,,
Bergen.,,,,,,
Gaskrise.,,,,,,
Meiler Isar,,,,,,
Klima-Hotspots.,,,,,,
Konferenzwoche,,,,,,
Friedrichshain,,,,,,
Konusnebel,,,,,,
Zehn-Prozent-Marke.,,,,,,
Artillerie-Munition,,,,,,
Cherson +++ Moskau,,,,,,
Pankow,,,,,,
Ukrainische Truppen,,,,,,
Braunschweiger,,,,,,
Klima-Innovationspreis,,,,,,
Andrea Beer.</em,,,,,,
Ökolügen,,,,,,
Ägypten:,,,,,,
"Nordbayerischer Kurier
</li><li>",,,,,,
Bezirk Pankow,,,,,,
Ukraine-Liveblog: Jubel,,,,,,
"Moskau: ""Transfer"" abgeschlossen:",,,,,,
Statistische B…,,,,,,
"Katar: »Ach, du guckst",,,,,,
Dänemark: Energieunabhängig,,,,,,
Niedergösgen.,,,,,,
Leibstadt,,,,,,
Sharm al-Sheikh.,,,,,,
Phnom Penh,,,,,,
Südostasien,,,,,,
Myanmar,,,,,,
Cherson?,,,,,,
Ukraine: Was,,,,,,
Duisburg: Klima-Aktivisten,,,,,,
Klimakollaps,,,,,,
Nicaragua,,,,,,
Jena,,,,,,
Max-Planck-Institut,,,,,,
Frankfurt-Sachsenhausen.,,,,,,
Holzverbrennung.,,,,,,
Jenseits,,,,,,
Spar-Experten,,,,,,
Immobilienkonzerne klage…,,,,,,
Pleite-Risiko,,,,,,
Schanghai: Lukaschenko,,,,,,
Brunsbüttel.,,,,,,
Sozialbudget,,,,,,
BerlinDer Vermieteranteil,,,,,,
Kohlendioxid-Abgabe,,,,,,
Straßenbahnen,,,,,,
Sunak,,,,,,
Ministerrücktritt,,,,,,
Schloss Elmau,,,,,,
Silicon Valley,,,,,,
Einkommensteuertarifs.,,,,,,
Bibber-Zoff,,,,,,
Alexandroupoli.,,,,,,
Hafens,,,,,,
griechische Regierung,,,,,,
Alexandroupoli,,,,,,
Duisburg,,,,,,
Stendal,,,,,,
Klimahölle.,,,,,,
Landtag: Schwesig: Milliardenschweres,,,,,,
Ifo: Inflations-Entlastungen,,,,,,
Zeupekeu onQelpl petepleup.,,,,,,
Ptte,,,,,,
Einkommenssteuertarif,,,,,,
Umwelt:,,,,,,
Garten,,,,,,
Münsterländern,,,,,,
Verschmutzer,,,,,,
Berlin-Brandenburg,,,,,,
Flüssiggas.,,,,,,
Harburg,,,,,,
Verfassungsgericht.,,,,,,
Verfassungsgericht,,,,,,
Leuna.,,,,,,
Innovatives,,,,,,
Weihnachtsausgaben,,,,,,
Region Mykolajiw,,,,,,
G 20,,,,,,
Gilching:,,,,,,
Oll pel,,,,,,
Luftabwehrsystemen bekr…,,,,,,
